{
  "random_forest": {
    "model_type": "RandomForestClassifier",
    "hyperparameters": {
      "n_estimators": 200,
      "min_samples_split": 50,
      "min_samples_leaf": 25,
      "max_features": "sqrt",
      "max_depth": 7
    },
    "feature_importances": [
      0.0895863829407009,
      0.0991245255760124,
      0.023738493379202804,
      0.18122524238482998,
      0.038182033223320075,
      0.013826610262732835,
      0.0896944295330895,
      0.013534073503613327,
      0.01635460091983794,
      0.03610297091158346,
      0.06384697204431578,
      0.0913417837148312,
      0.01893387178194676,
      0.03287566288487793,
      0.03568847035183618,
      0.02783115188261728,
      0.1281127247046517
    ],
    "n_estimators": 200,
    "max_depth": 7
  },
  "logistic_regression": {
    "model_type": "LogisticRegression",
    "hyperparameters": {
      "solver": "liblinear",
      "C": 1.0
    },
    "coefficients": [
      [
        -0.4187124346620568,
        -0.5390896187799918,
        0.12801265422099392,
        -0.853185770074907,
        0.37514834082408827,
        0.11921633663936106,
        -0.6383983797170282,
        -0.11292179462044952,
        0.1952729142473896,
        0.36757386852098123,
        -0.6334526391476835,
        0.680957935133984,
        0.22864966383793017,
        -0.25329940715561916,
        -0.3780955349359114,
        0.11485078024150355,
        -0.6214329350636797
      ]
    ],
    "intercept": [
      -0.195654873600799
    ]
  },
  "scaler": {
    "type": "StandardScaler",
    "mean": [
      52792.708850620744,
      7.478089998729551,
      0.8371378988119076,
      1.6218128420771594,
      16.035332147049722,
      3.380857028434121,
      0.5170204245094113,
      2.9550324780076074,
      3.6658657055132826,
      2.4562808703777868,
      3.0499265785609397,
      1.145374449339207,
      4.133226538512882,
      0.28901348284608197,
      15.67445404370862,
      1.7045887212871835,
      2.832061162898841,
      3.922411131362358,
      169.4537286292176
    ],
    "scale": [
      1621.7975455858857,
      7.761178897655225,
      0.7173971624094262,
      0.8602523729628251,
      7.742450342321355,
      1.3786718982995143,
      0.49971022117775366,
      0.6631439953864707,
      0.9574209631439212,
      1.3645605013241293,
      1.286142289563081,
      0.6499732724724363,
      2.4280609337121812,
      0.4533041910012078,
      3.4412154486623074,
      1.73916405588366,
      2.599344562411664,
      3.2691339760338427,
      44.59148778524272
    ]
  },
  "pca": {
    "used": true,
    "n_components": 17,
    "explained_variance_ratio": [
      0.15493398562926441,
      0.1026473337570854,
      0.07497306848559859,
      0.06824294405968925,
      0.057232406441959635,
      0.05499486078299767,
      0.05432164956759398,
      0.0536458521549157,
      0.05219292250845184,
      0.047220443800050235,
      0.04440632747301008,
      0.04263767023984506,
      0.040311091760804524,
      0.034801499078376104,
      0.03208192751592889,
      0.030400361489337776,
      0.021482252791723864
    ]
  }
}